source_path,content_sha256,size_bytes,disposition,destination,decision_ids,reviewed_by,reviewed_at,notes,title,evidence,retirement_state,source_revision
plans/00-MIGRATION-OVERVIEW.md,82abbf57f38c4d58b6aac58a352d5419794bdcb1b5a6f81ea616db9c79d740db,10355,historical-reference,docs/kb/_provenance/PLAN_AUDIT.md,,history subagent (source review; independent findings recorded in KB reviews),2026-10-07,Retired from active tree by explicit user request; recover revision:path in source_revision. Original execution plan has obsolete or evolved architecture/paths/checklists; per-plan source disposition retained.,NoFluxo Frontend Migration Plan: Flutter to SvelteKit + shadcn-svelte,frontend/package.json; frontend/svelte.config.js; frontend/src/routes/+layout.svelte,retired,c57fb02cc1b2ea3dd920a2566d01b66c6ef7f7a7
plans/01-PROJECT-SETUP.md,7e7e1498e7cacb758dd0b72300caf18966113b0cc3c9f6a735a6b7e9989665f1,37177,implemented-with-evolution,docs/kb/_provenance/PLAN_AUDIT.md,,history subagent (source review; independent findings recorded in KB reviews),2026-10-07,Retired from active tree by explicit user request; recover revision:path in source_revision. Original execution plan has obsolete or evolved architecture/paths/checklists; per-plan source disposition retained.,01 - Project Setup: Flutter to SvelteKit Migration,frontend/package.json; frontend/svelte.config.js; frontend/vite.config.ts; frontend/src/lib/supabase/client.ts; pnpm-workspace.yaml,retired,c57fb02cc1b2ea3dd920a2566d01b66c6ef7f7a7
plans/02-AUTHENTICATION.md,29781def17ba489a51f653daa9e7015c83415a50cfe066f552a71b07a2d61fba,61732,implemented-with-evolution,docs/kb/_provenance/PLAN_AUDIT.md,,history subagent (source review; independent findings recorded in KB reviews),2026-10-07,Retired from active tree by explicit user request; recover revision:path in source_revision. Original execution plan has obsolete or evolved architecture/paths/checklists; per-plan source disposition retained.,Authentication Migration: Flutter to SvelteKit,frontend/src/lib/services/auth.service.ts:AuthService; frontend/src/lib/stores/auth.ts; frontend/src/lib/guards/authGuard.ts; frontend/src/routes/auth/callback/+page.svelte; frontend/src/hooks.server.ts,retired,c57fb02cc1b2ea3dd920a2566d01b66c6ef7f7a7
plans/03-ROUTING-LAYOUT.md,e053de8cf316aae9ae0844e3dd8ffdf97022248decfde3798ed3c64cf9f47c99,56148,implemented-with-evolution,docs/kb/_provenance/PLAN_AUDIT.md,,history subagent (source review; independent findings recorded in KB reviews),2026-10-07,Retired from active tree by explicit user request; recover revision:path in source_revision. Original execution plan has obsolete or evolved architecture/paths/checklists; per-plan source disposition retained.,03 - Routing & Layouts: Flutter to SvelteKit Migration,frontend/src/routes/+layout.svelte; frontend/src/lib/config/routes.ts; frontend/src/routes/(protected)/+layout.ts; frontend/src/lib/components/layout/Navbar.svelte; frontend/src/routes/home/+page.svelte,retired,c57fb02cc1b2ea3dd920a2566d01b66c6ef7f7a7
plans/04-SERVICES-API.md,89ad996f6704fd145b66bc3f41ae7dd851f263415eefe3d3b3bfab0ac6fd5153,51033,implemented-with-evolution,docs/kb/_provenance/PLAN_AUDIT.md,,history subagent (source review; independent findings recorded in KB reviews),2026-10-07,Retired from active tree by explicit user request; recover revision:path in source_revision. Original execution plan has obsolete or evolved architecture/paths/checklists; per-plan source disposition retained.,04 - Services and API Migration,frontend/src/lib/services/auth.service.ts; frontend/src/lib/services/supabase-data.service.ts; frontend/src/lib/services/upload.service.ts; frontend/src/lib/services/assistente.service.ts,retired,c57fb02cc1b2ea3dd920a2566d01b66c6ef7f7a7
plans/05-MODELS-TYPES.md,70ca6c2fba878f470937cd1c0d05fd8215209a71c6f7e20cbb68c152b487b081,74356,implemented-source,docs/kb/_provenance/PLAN_AUDIT.md,,history subagent (source review; independent findings recorded in KB reviews),2026-10-07,Retired from active tree by explicit user request; recover revision:path in source_revision. Original execution plan has obsolete or evolved architecture/paths/checklists; per-plan source disposition retained.,Data Models and Types Migration Guide,frontend/src/lib/types/user.ts; frontend/src/lib/types/curso.ts; frontend/src/lib/types/materia.ts; frontend/src/lib/types/equivalencia.ts; frontend/src/lib/types/prerequisite-tree.ts; frontend/src/lib/types/guards.ts; frontend/src/lib/factories/index.ts; frontend/src/lib/schemas/index.ts,retired,c57fb02cc1b2ea3dd920a2566d01b66c6ef7f7a7
plans/06-COMPONENTS-UI.md,9c474323250738064a7d6bc1c539f43fa23d8c288cb69e7d445d18cbced68986,62252,implemented-with-evolution,docs/kb/_provenance/PLAN_AUDIT.md,,history subagent (source review; independent findings recorded in KB reviews),2026-10-07,Retired from active tree by explicit user request; recover revision:path in source_revision. Original execution plan has obsolete or evolved architecture/paths/checklists; per-plan source disposition retained.,06 - UI Components Migration Guide,frontend/src/lib/components/ui/button/button.svelte; frontend/src/lib/components/ui/dialog/dialog.svelte; frontend/src/lib/components/layout/Navbar.svelte; frontend/src/lib/stores/theme.ts; frontend/src/lib/styles/nofluxo-ds.css,retired,c57fb02cc1b2ea3dd920a2566d01b66c6ef7f7a7
plans/07-HOME-PAGE.md,8418bb67850157ec48e93533ef494d6ec7b37289deacf8de79f01da13724e87e,35645,implemented-source,docs/kb/_provenance/PLAN_AUDIT.md,,history subagent (source review; independent findings recorded in KB reviews),2026-10-07,Retired from active tree by explicit user request; recover revision:path in source_revision. Original execution plan has obsolete or evolved architecture/paths/checklists; per-plan source disposition retained.,07 - Home Page Migration Guide,frontend/src/routes/+page.svelte; frontend/src/lib/components/home/HeroSection.svelte; frontend/src/lib/components/home/ComoFuncionaSection.svelte; frontend/src/lib/components/home/ProntoParaOrganizarSection.svelte; frontend/src/lib/components/home/SobreNosSection.svelte; frontend/src/lib/components/home/HomeFooter.svelte,retired,c57fb02cc1b2ea3dd920a2566d01b66c6ef7f7a7
plans/08-AUTH-PAGES.md,240e16094f9f99c3469abd41175f00ca17cc33b9b8658a8c38b498715cb3e07d,52265,implemented-with-evolution,docs/kb/_provenance/PLAN_AUDIT.md,,history subagent (source review; independent findings recorded in KB reviews),2026-10-07,Retired from active tree by explicit user request; recover revision:path in source_revision. Original execution plan has obsolete or evolved architecture/paths/checklists; per-plan source disposition retained.,08 - Auth Pages Migration Guide,frontend/src/lib/components/auth/LoginForm.svelte; frontend/src/lib/components/auth/SignupForm.svelte; frontend/src/lib/components/auth/PasswordRecovery.svelte; frontend/src/lib/components/auth/AnonymousLogin.svelte; frontend/src/lib/schemas/auth.ts,retired,c57fb02cc1b2ea3dd920a2566d01b66c6ef7f7a7
plans/09-ASSISTANT-CHAT.md,d436564bbcb236e96087b1f7abb887fb759e9f0bcdd9378567345e3ca3d2c005,41915,implemented-with-evolution,docs/kb/_provenance/PLAN_AUDIT.md,,history subagent (source review; independent findings recorded in KB reviews),2026-10-07,Retired from active tree by explicit user request; recover revision:path in source_revision. Original execution plan has obsolete or evolved architecture/paths/checklists; per-plan source disposition retained.,09 - AI Assistant Chat Feature Migration,frontend/src/routes/(protected)/assistente/+page.svelte; frontend/src/lib/components/chat/ChatPanel.svelte; frontend/src/lib/components/chat/ChatBubble.svelte; frontend/src/lib/stores/assistente-chat.store.svelte.ts; frontend/src/lib/services/chat.service.ts; backend/src/controllers/chat_controller.ts,retired,c57fb02cc1b2ea3dd920a2566d01b66c6ef7f7a7
plans/10-PDF-UPLOAD.md,654fc703f352de1de2fb9e79ec2b91248520b2e8718607ef28668939a404483f,71377,implemented-with-evolution,docs/kb/_provenance/PLAN_AUDIT.md,,history subagent (source review; independent findings recorded in KB reviews),2026-10-07,Retired from active tree by explicit user request; recover revision:path in source_revision. Original execution plan has obsolete or evolved architecture/paths/checklists; per-plan source disposition retained.,10 - PDF Upload Feature Migration,"frontend/src/lib/components/upload/FileDropzone.svelte; frontend/src/lib/components/upload/CourseSelectionModal.svelte; frontend/src/lib/components/upload/ProcessingResults.svelte; frontend/src/lib/stores/uploadStore.ts; frontend/src/lib/services/upload.service.ts:parsePdfLocally,casarDisciplinas,saveFluxogramaToDB",retired,c57fb02cc1b2ea3dd920a2566d01b66c6ef7f7a7
plans/11-FLUXOGRAMA.md,af8ac79376de0de6c2718c4ee22f74d58cbfe00b3b0a662e61d0c3351740b1e4,70961,implemented-with-evolution,docs/kb/_provenance/PLAN_AUDIT.md,,history subagent (source review; independent findings recorded in KB reviews),2026-10-07,Retired from active tree by explicit user request; recover revision:path in source_revision. Original execution plan has obsolete or evolved architecture/paths/checklists; per-plan source disposition retained.,11. Fluxograma (Interactive Curriculum Flowchart),frontend/src/lib/stores/fluxograma.store.svelte.ts; frontend/src/lib/components/fluxograma/layout/FluxogramContainer.svelte; frontend/src/lib/components/fluxograma/layout/SemesterColumn.svelte; frontend/src/lib/components/fluxograma/cards/SubjectCard.svelte; frontend/src/lib/components/fluxograma/layout/PrerequisiteConnections.svelte,retired,c57fb02cc1b2ea3dd920a2566d01b66c6ef7f7a7
plans/12-STATE-MANAGEMENT.md,50b8ba7a2f157bba22ae90d32820bf257bbcc7edb7468c6252b6405e88de71eb,67985,implemented-with-evolution,docs/kb/_provenance/PLAN_AUDIT.md,,history subagent (source review; independent findings recorded in KB reviews),2026-10-07,Retired from active tree by explicit user request; recover revision:path in source_revision. Original execution plan has obsolete or evolved architecture/paths/checklists; per-plan source disposition retained.,Plan 12: State Management Migration,frontend/src/lib/stores/auth.ts; frontend/src/lib/stores/uploadStore.ts; frontend/src/lib/stores/fluxograma.store.svelte.ts; frontend/src/lib/stores/assistente-chat.store.svelte.ts; frontend/src/lib/stores/modal.ts; frontend/src/lib/stores/theme.ts,retired,c57fb02cc1b2ea3dd920a2566d01b66c6ef7f7a7
plans/13-TESTING.md,c4da923a960761d730df681ee3db3206165a4796e76d1364d9c5a8518c744d5d,67772,partial-source,docs/kb/_provenance/PLAN_AUDIT.md,,history subagent (source review; independent findings recorded in KB reviews),2026-10-07,Retired from active tree by explicit user request; recover revision:path in source_revision. Original execution plan has obsolete or evolved architecture/paths/checklists; per-plan source disposition retained.,13 - Testing Strategy: Flutter to SvelteKit Migration,frontend/vite.config.ts:test.projects; frontend/playwright.config.ts; frontend/tests-e2e/login-auth.exploratorio.spec.ts; frontend/tests-e2e/upload-historico.exploratorio.spec.ts; frontend/tests-e2e/a11y.spec.ts; .github/workflows/pipelineCI.yml; frontend/package.json:test:coverage,retired,c57fb02cc1b2ea3dd920a2566d01b66c6ef7f7a7
plans/14-FLUXOGRAMA-MIGRATION.md,1ac0579e1c13a8163fcf4dd5a362d6eb3e35a897ea70253bc265294265086634,18426,implemented-with-evolution,docs/kb/_provenance/PLAN_AUDIT.md,,history subagent (source review; independent findings recorded in KB reviews),2026-10-07,Retired from active tree by explicit user request; recover revision:path in source_revision. Original execution plan has obsolete or evolved architecture/paths/checklists; per-plan source disposition retained.,Plan 14 — Meu Fluxograma: Flutter → Svelte Migration,"frontend/src/lib/stores/fluxograma.store.svelte.ts:addOptativa,removeOptativa; frontend/src/lib/components/fluxograma/dashboard/OptativasAdicionadasSection.svelte; frontend/src/lib/components/fluxograma/modal/PrerequisiteChainDialog.svelte; frontend/src/lib/components/fluxograma/layout/FluxogramContainer.svelte; frontend/src/lib/components/fluxograma/dashboard/ProgressToolsSection.svelte",retired,c57fb02cc1b2ea3dd920a2566d01b66c6ef7f7a7
plans/14-SUPABASE-DIRECT-RLS.md,b32ddbbba5b2d343373431bae938bba9c743237d3c2edd63c5e7d81ebd2a8167,30231,implemented-with-evolution,docs/kb/_provenance/PLAN_AUDIT.md,,history subagent (source review; independent findings recorded in KB reviews),2026-10-07,Retired from active tree by explicit user request; recover revision:path in source_revision. Original execution plan has obsolete or evolved architecture/paths/checklists; per-plan source disposition retained.,14 - Supabase Direct Access & RLS Migration,"frontend/src/lib/services/supabase-data.service.ts; frontend/src/lib/services/auth.service.ts:databaseSearchUser,databaseRegisterUser; supabase/migrations/latest_init_from_export.sql; supabase/migrations/20260928_rls_catalogo.sql",retired,c57fb02cc1b2ea3dd920a2566d01b66c6ef7f7a7
plans/15-VISUAL-PARITY-FLUTTER.md,e793f7806f15bd28c9c7f6c2671f96e23d3b71137ad3aad53d21fe18db0cf348,17495,partial-validation,docs/kb/_provenance/PLAN_AUDIT.md,,history subagent (source review; independent findings recorded in KB reviews),2026-10-07,Retired from active tree by explicit user request; recover revision:path in source_revision. Original execution plan has obsolete or evolved architecture/paths/checklists; per-plan source disposition retained.,15 — Visual Parity: Match Svelte Frontend to Flutter Design,frontend/src/app.css; frontend/src/lib/styles/nofluxo-ds.css; frontend/src/lib/stores/theme.ts; frontend/src/lib/components/home/HeroSection.svelte; frontend/src/lib/components/layout/Navbar.svelte,retired,c57fb02cc1b2ea3dd920a2566d01b66c6ef7f7a7
plans/16-CLIENT-SIDE-PDF-PARSING.md,79da8ddda57d986ff2735155f1559f8efb68d2b64773c3b401a3cd5c7b2a1648,14928,implemented-with-evolution,docs/kb/_provenance/PLAN_AUDIT.md,,history subagent (source review; independent findings recorded in KB reviews),2026-10-07,Retired from active tree by explicit user request; recover revision:path in source_revision. Original execution plan has obsolete or evolved architecture/paths/checklists; per-plan source disposition retained.,Plan 16 — Client-Side PDF Parsing: Backend → Svelte Migration,"frontend/src/lib/services/pdf/pdfExtractor.ts; frontend/src/lib/services/pdf/pdfParser.ts:parsePdf; frontend/src/lib/services/upload.service.ts:parsePdfLocally,casarDisciplinas; supabase/migrations/casar_disciplinas_function.sql; frontend/scripts/copy-pdf-worker.cjs",retired,c57fb02cc1b2ea3dd920a2566d01b66c6ef7f7a7
plans/16-PDF-PARSER-REWRITE.md,bbce71ac71484cd476a1006787f43a1877beabb5e3d295ce91368301782910ba,7223,superseded,docs/kb/_provenance/PLAN_AUDIT.md,,history subagent (source review; independent findings recorded in KB reviews),2026-10-07,Retired from active tree by explicit user request; recover revision:path in source_revision. Original execution plan has obsolete or evolved architecture/paths/checklists; per-plan source disposition retained.,Plan 16: PDF Parser Algorithm Rewrite,frontend/src/lib/services/pdf/pdfDataExtractor.ts; frontend/src/lib/services/pdf/pdfParser.ts:parsePdf; frontend/src/lib/services/pdf/pdfPositionExtractor.ts; plans/17-POSITION-BASED-PDF-PARSING.md,retired,c57fb02cc1b2ea3dd920a2566d01b66c6ef7f7a7
plans/17-POSITION-BASED-PDF-PARSING.md,b31f07c2fcad7f672459b9c5830b59f8f06b5e25363293e810516e45d4dcd49c,11612,implemented-source,docs/kb/_provenance/PLAN_AUDIT.md,,history subagent (source review; independent findings recorded in KB reviews),2026-10-07,Retired from active tree by explicit user request; recover revision:path in source_revision. Original execution plan has obsolete or evolved architecture/paths/checklists; per-plan source disposition retained.,Plan 17: Position-Based PDF Parsing,frontend/src/lib/services/pdf/pdfExtractor.ts:extractPositionedItemsFromDoc; frontend/src/lib/services/pdf/pdfPositionExtractor.ts:extractDisciplinasFromPositions; frontend/src/lib/services/pdf/pdfParser.ts:parsePdf; frontend/src/lib/services/pdf/pdfPositionExtractor.test.ts; git:c7c423961,retired,c57fb02cc1b2ea3dd920a2566d01b66c6ef7f7a7
plans/18-AI-AGENT-BACKEND-INTEGRATION.md,f6af33b36f22ffc64ea95215cacbffda4e9e633299ce90be0a23596f766ff8fb,15401,implemented-with-evolution,docs/kb/_provenance/PLAN_AUDIT.md,,history subagent (source review; independent findings recorded in KB reviews),2026-10-07,Retired from active tree by explicit user request; recover revision:path in source_revision. Original execution plan has obsolete or evolved architecture/paths/checklists; per-plan source disposition retained.,18 - AI Agent Integration into no_fluxo_backend,backend/src/services/ragflow.service.ts:RagflowService; backend/src/services/ragflow.types.ts; backend/src/utils/text.utils.ts; backend/src/utils/ranking.formatter.ts; backend/src/controllers/assistente_controller.ts:AssistenteController; mcp_agent/api_producao.py; git:65630e5d5,retired,c57fb02cc1b2ea3dd920a2566d01b66c6ef7f7a7
plans/19-CONEXOES-BEHAVIOR-REWORK.md,1fcf665e706af567958bef6f6a5851467889351e034ccfedd262d051a0dbd99e,8550,implemented-with-evolution,docs/kb/_provenance/PLAN_AUDIT.md,,history subagent (source review; independent findings recorded in KB reviews),2026-10-07,Retired from active tree by explicit user request; recover revision:path in source_revision. Original execution plan has obsolete or evolved architecture/paths/checklists; per-plan source disposition retained.,Plan 19 — Conexões Behavior Rework,"frontend/src/lib/stores/fluxograma.store.svelte.ts:ConnectionMode,setConnectionMode; frontend/src/lib/components/fluxograma/controls/FluxogramaLegendControls.svelte; frontend/src/lib/components/fluxograma/layout/PrerequisiteConnections.svelte; frontend/src/lib/components/fluxograma/cards/SubjectCard.svelte",retired,c57fb02cc1b2ea3dd920a2566d01b66c6ef7f7a7
plans/20-CONNECTION-ROUTING-IMPROVEMENTS.md,5af8c4af107772eee64bd5bc4b590cf241ad53f7ac962492bc349ad02b37be65,8244,implemented-source,docs/kb/_provenance/PLAN_AUDIT.md,,history subagent (source review; independent findings recorded in KB reviews),2026-10-07,Retired from active tree by explicit user request; recover revision:path in source_revision. Original execution plan has obsolete or evolved architecture/paths/checklists; per-plan source disposition retained.,Plan 20 — Connection Line Routing Improvements,"frontend/src/lib/utils/prerequisite-routing.ts; frontend/src/lib/utils/prerequisite-routing.test.ts; frontend/src/lib/components/fluxograma/layout/PrerequisiteConnections.svelte:measureLayout,assignFarRouting,assignSameColumnBulges,computeAndSetDensity",retired,c57fb02cc1b2ea3dd920a2566d01b66c6ef7f7a7
plans/2026-07-04-chat-agente-planejador.md,351e5a6441c764df937ec1a9f84795ff1d69fe43cc78ff95b9754c383b2cdaa6,68224,implemented-with-evolution,docs/kb/_provenance/PLAN_AUDIT.md,,history subagent (source review; independent findings recorded in KB reviews),2026-10-07,Retired from active tree by explicit user request; recover revision:path in source_revision. Original execution plan has obsolete or evolved architecture/paths/checklists; per-plan source disposition retained.,Chat de Agente do Planejador de Formatura — Implementation Plan,"backend/src/types/planejamento.ts:RestricoesPlano; backend/src/controllers/PlanejamentoController.ts:montarDadosPlano,chat; backend/src/services/planejador_agente.service.ts; backend/src/services/agente/tools/plano_tools.ts; frontend/src/lib/services/plano-formatura.service.ts:chat; frontend/src/lib/stores/plano-formatura.store.svelte.ts; frontend/src/lib/components/plano-formatura/PlannerChatPanel.svelte; backend/tests-ts/planejador-agente.test.ts; backend/tests-ts/planejamento-restricoes.test.ts",retired,c57fb02cc1b2ea3dd920a2566d01b66c6ef7f7a7
plans/21-EXPORT-VISUAL-PARITY.md,c7478fae2dd89066c801483a5f6f3e2ccb03f864d68a16045d1f3767c274a89e,19351,implemented-with-evolution,docs/kb/_provenance/PLAN_AUDIT.md,,history subagent (source review; independent findings recorded in KB reviews),2026-10-07,Retired from active tree by explicit user request; recover revision:path in source_revision. Original execution plan has obsolete or evolved architecture/paths/checklists; per-plan source disposition retained.,21 — Export Visual Parity: Match Svelte Screenshot to Flutter Output,frontend/src/lib/utils/screenshot.ts:captureScreenshot; frontend/src/lib/stores/fluxograma.store.svelte.ts:saveScreenshot; frontend/src/lib/components/fluxograma/modal/ScreenshotChoiceModal.svelte; frontend/package.json:html2canvas-pro,retired,c57fb02cc1b2ea3dd920a2566d01b66c6ef7f7a7
plans/22-SSR-REMOVAL-CLIENT-FIRST.md,46f27e32bf6de71c9b76c82a437b42f21337bcfc437ca6a2709181bd742a45a8,19587,partial-source,docs/kb/_provenance/PLAN_AUDIT.md,,history subagent (source review; independent findings recorded in KB reviews),2026-10-07,Retired from active tree by explicit user request; recover revision:path in source_revision. Original execution plan has obsolete or evolved architecture/paths/checklists; per-plan source disposition retained.,Plan 22 — SSR Removal & Client-First Architecture,frontend/svelte.config.js; frontend/src/routes/+layout.ts; frontend/src/routes/+page.ts; frontend/src/routes/(protected)/+layout.ts; frontend/src/hooks.server.ts; frontend/src/routes/auth/callback/+page.svelte; frontend/src/lib/services/upload.service.ts,retired,c57fb02cc1b2ea3dd920a2566d01b66c6ef7f7a7
plans/MASTER-MIGRATION-PLAN.md,5bf8969d0b58908d69660a10f81dd05565c6309d939ca55722d476b8468da771,24882,historical-reference,docs/kb/_provenance/PLAN_AUDIT.md,,history subagent (source review; independent findings recorded in KB reviews),2026-10-07,Retired from active tree by explicit user request; recover revision:path in source_revision. Original execution plan has obsolete or evolved architecture/paths/checklists; per-plan source disposition retained.,NoFluxo Frontend Migration: Complete Implementation Guide,frontend/package.json; frontend/src/lib/components/chat/ChatPanel.svelte; frontend/vite.config.ts; frontend/playwright.config.ts; plans/13-TESTING.md; plans/22-SSR-REMOVAL-CLIENT-FIRST.md,retired,c57fb02cc1b2ea3dd920a2566d01b66c6ef7f7a7
plans/PLANO_DASHBOARD_CUSTOS_IA_TIER2.md,9fcb8a8709e34242bee6d34c85dfed078d4938b9f70a9556e5b15b1a8cfc5304,11228,implemented-with-evolution,docs/kb/_provenance/PLAN_AUDIT.md,,history subagent (source review; independent findings recorded in KB reviews),2026-10-07,Retired from active tree by explicit user request; recover revision:path in source_revision. Original execution plan has obsolete or evolved architecture/paths/checklists; per-plan source disposition retained.,Plano — Dashboard Admin: Tier 1 + Custos de IA + Tier 2,"frontend/src/routes/(protected)/admin/dashboard/+page.svelte; frontend/src/lib/services/dashboard.service.ts:getOverview,getAiCostMetrics,getTurmasDemanda,getScrapingHealth; supabase/migrations/latest_init_from_export.sql:get_ai_cost_metrics,get_dashboard_overview,get_turmas_demanda,get_scraping_health; mcp_agent/api_producao.py:usage_calls; backend/src/utils/ai_usage_logger.ts; supabase/migrations/20260929b_dashboard_rastreabilidade.sql; supabase/migrations/20260930_ai_saldo.sql; git:f81ca44c7",retired,c57fb02cc1b2ea3dd920a2566d01b66c6ef7f7a7
plans/PLANO_SISTEMA_TICKETS_GENERICO.md,3e534c22d93ac03a90e7bfe304d8501415b3a40c9b76b70e6c9335c59d5628b0,37447,implemented-with-evolution,docs/kb/_provenance/PLAN_AUDIT.md,,history subagent (source review; independent findings recorded in KB reviews),2026-10-07,Retired from active tree by explicit user request; recover revision:path in source_revision. Original execution plan has obsolete or evolved architecture/paths/checklists; per-plan source disposition retained.,Plano Genérico: Sistema de Tickets (Bug + Suporte) com Rastreabilidade,"frontend/src/lib/services/ticket.service.ts; frontend/src/lib/types/ticket.ts; frontend/src/routes/(protected)/admin/tickets/+page.svelte; frontend/src/lib/components/tickets/TicketChat.svelte; supabase/migrations/latest_init_from_export.sql:tickets,ticket_audit_log; supabase/migrations/ticket_chat.sql; supabase/migrations/ticket_chat_nao_lidas.sql",retired,c57fb02cc1b2ea3dd920a2566d01b66c6ef7f7a7
plans/README.md,ad4b7eda9ccf2a964c18ac0b9f17931eac6b57c3f6adedd781d51978a66be461,954,current-index,docs/kb/INDEX.md,,Parent source review and fresh_cleanup_review independent recheck,2026-10-08,"Current router; the29 original execution documents are retired with immutable Git provenance, not active plans.",Histórico de planos e documentação atual,plans/README.md; docs/kb/INDEX.md; docs/kb/_provenance/document-retirement.csv,active,
